TUF ID,Chart,VFX,Misc
3765,C1,V3,
7030,C1,V3,
7805,C2,V3,
8053,C1,V3,
8978,C1,V3,
7611,C3,V1,
6527,C1,V3,
6066,C2,V3,
8549,C2,V3,
8550,C1,V2,
8551,C1,V3,
8018,C1,V3,
2709,C0,V2,
5653,C1,V2,
3110,C0,V3,
4148,C2,V3,
9791,C1,V3,
10007,C2,V3,
10004,C1,V3,
10002,C2,V3,
9999,C2,V3,
9996,C2,V3,
7028,C2,V3,
5883,C1,V3,
7032,C2,V3,
10053,C1,V3,
10055,C1,V3,
10059,C0,V3,
10062,C1,V3,
5657,C2,V3,
5661,C2,V2,
6515,C2,V3,
10249,C1,V3,
10246,C1,V2,
10253,C2,V3,
10270,C2,V2,
10283,C1,V3,
9332,C2,V3,
10419,C2,V3,
3846,C1,V2,H1
5350,C2,V3,
10607,C2,V3,
10720,C2,V3,
10722,C2,V3,
10724,C2,V3,
11112,C2,V3,
7732,C2,V3,
9647,C2,V3,
12274,C1,V3,
12378,C1,V3,
12429,C1,V3,
12449,C2,V3,
781,C3,V1,H1
1207,C3,V1,
10708,C3,V1,
11753,C3,V0,H1
5376,C3,V0,H2
2430,O3,V0,
3606,C3,V0,
8486,O2,V2,
11885,O3,V0,
6286,O3,V0,
3147,C1,V0,H2
3069,C1,V0,
3042,C0,V0,H2
3048,C0,V0,H1
3124,C0,V0,H1
191,C1,V0,H1
3072,C0,V0,H1
1685,C1,V0,H1
3093,C0,V0,H1
653,C1,V1,H1
9852,C1,V0,H1
33,C1,V1,H1
19,C1,V0,H1
50,C0,V0,H1
967,C1,V0,H1
6504,C1,V0,
6505,C1,V1,
9853,C1,V0,H1
2634,C0,V0,H1
3082,C0,V0,H1
2257,C1,V0,H1
3077,C0,V0,H1
350,C0,V0,H1
871,C0,V0,H2
2,C1,V0,H1
61,C1,V0,H1
650,C1,V0,H1
905,C0,V0,
151,C0,V0,H1
3058,C0,V0,H1
3112,C0,V0,H1
303,C0,V0,H1
186,C0,V0,H1
455,C0,V0,H1
10452,C1,V0,H1
1,C1,V0,H2
7,C1,V0,H2
15,C1,V0,H2
263,C1,V1,H2
975,C1,V2,H2
3118,C1,V0,H2
185,C1,V0,H2
974,C1,V2,H2
823,C1,V0,H2
2467,C2,V2,H2
3057,C1,V0,H1
1684,C1,V0,H2
512,C0,V0,H2
9775,C0,V1,H1
3776,C0,V2,H2
16,C1,V1,H2
22,C1,V0,H2
6,C1,V1,H2
359,C0,V0,H2
23,C1,V2,H2
109,C1,V2,H2
36,C1,V2,H2
12,C1,V0,H2
3148,C2,V0,H2
2534,C1,V2,H2
6379,C0,V1,H2
84,C0,V0,H2
83,C1,V0,H2
3569,C2,V0,H2
24,C1,V1,H2
1686,C1,V0,H2
2998,C0,V0,H2
139,C1,V0,H2
10083,C1,V0,H2
1079,C0,V0,H2
5155,O2,V0,Epic
9308,O2,V0,
7623,O1,V0,
6015,O3,V0,
1222,O2,V0,
2494,O1,V0,
3167,O1,V0,
8026,O2,V0,
9565,O1,V0,
7474,O1,V0,
7256,O1,V0,
9796,O1,V0,
9354,O1,V1,
797,O1,V1,
10463,O3,V0,
4199,O1,V0,
6236,O1,V0,
8136,O0,V0,
11547,O2,V0,
11134,O0,V0,
11823,O2,V0,
12020,O1,V0,
11927,O1,V0,
8477,O1,V0,
8208,O1,V0,
12320,O1,V0,
12342,O1,V0,
2024,C0,V0,Epic
320,C0,V0,Epic
3770,C0,V0,Epic
4679,C0,V1,Epic
3778,C0,V0,Epic
8190,C0,V0,Epic
2936,C0,V0,Epic
8051,C1,V1,Epic
1003,C0,V0,Epic
6618,C0,V0,Epic
10000,C0,V0,Epic
6496,C0,V1,Epic
7128,C1,V0,Epic
5853,C0,V0,Epic
6481,C0,V0,Epic
9137,C1,V0,Epic
1248,C0,V0,Epic
909,C0,V0,Epic
10731,C0,V2,Epic
1816,C0,V0,Epic
324,C0,V0,Epic
9590,C1,V0,Epic
10886,C1,V0,Epic
10472,C0,V0,Epic
5799,O0,V0,Epic
11096,O0,V0,Epic
1242,C0,V0,Epic
11139,C1,V0,Epic
9173,C1,V0,Epic
9858,C1,V2,Epic
1349,C1,V0,Epic
5781,C0,V0,Epic
10195,C1,V0,Epic
8980,C0,V0,Epic
11668,C0,V0,Epic
11805,C0,V0,Epic
11775,C0,V0,Epic
5210,C0,V0,Epic
11959,O0,V0,Epic
11884,C0,V0,Epic
11723,C1,V0,Epic
10411,C0,V0,Epic
12142,C1,V0,Epic
443,C0,V0,Epic
1506,O1,V0,Epic
2753,C0,V0,Epic
5533,C0,V0,Epic
5,C1,V2,H2
67,C1,V2,
87,C2,V0,
111,C2,V1,
421,C1,V2,
1828,C1,V1,
2247,C1,V2,
2856,C2,V2,
2956,C1,V2,
3653,C1,V2,
3763,C2,V2,
4279,C2,V2,
4348,C2,V2,
5665,C1,V2,
5667,C2,V2,
5682,C1,V2,Epic
5886,C1,V2,
6001,C1,V2,
6299,C0,V2,
6520,C1,V2,
7371,C0,V2,
7664,C1,V2,
7672,C1,V2,
8054,C2,V2,
8603,C2,V0,
9315,C2,V2,
9381,C1,V1,
4862,C1,V2,
3630,C1,V1,
3774,C2,V2,
6234,C1,V2,
52,C1,V2,
7559,C1,V2,
6989,C1,V2,
6993,C1,V2,
6994,C1,V2,
6998,C0,V1,
8548,C1,V2,
8552,C0,V1,
8554,C1,V2,H1
8052,C0,V2,
8017,C1,V2,
3725,C1,V2,
7730,C1,V2,
7740,C2,V2,
7093,C2,V2,
1388,C1,V2,
115,C1,V0,
5037,C0,V2,
7758,C0,V2,
74,C0,V2,
1863,C1,V2,
4147,C1,V2,
47,C1,V1,
6206,C2,V1,
1637,C2,V1,
2884,C1,V1,
2101,C1,V1,
20,C1,V2,
2784,C1,V1,
6968,C2,V1,
210,C1,V1,
449,C1,V0,
450,C2,V2,
5017,C2,V2,
7439,C1,V2,
2552,C1,V2,
5721,C2,V2,
6002,C1,V2,
6000,C1,V2,
6158,C2,V2,
3202,C1,V2,
7557,C2,V2,
6375,C2,V1,
973,C1,V2,
7437,C1,V2,
7438,C0,V2,
7440,C0,V2,
1927,C1,V2,
1554,C0,V2,
2608,C1,V2,
2609,C1,V2,
2612,C1,V2,
2613,C1,V1,
2614,C0,V2,
2616,C1,V2,
2618,C1,V2,
2619,C1,V1,
2946,C1,V2,
2948,C1,V1,
2949,C1,V1,
2951,C1,V2,
2953,C1,V1,
2955,C1,V1,
3936,C1,V2,
3937,C1,V1,
3940,C1,V2,
3833,C1,V2,
3943,C1,V2,
3945,C1,V3,
3946,C1,V2,
3924,C1,V2,
1122,C2,V2,
3303,C2,V1,
8604,C1,V2,
8279,C1,V1,
5353,C2,V2,
29,C1,V1,
247,C1,V2,
13,C1,V2,
8446,C1,V1,
2605,C1,V1,
942,C1,V1,
207,C1,V1,
746,C1,V1,
949,C1,V1,
958,C1,V1,
959,C0,V1,
262,C2,V2,
961,C1,V1,
442,C1,V1,
4,C1,V2,
265,C1,V1,
248,C1,V1,
787,C1,V1,
4865,C1,V1,
6530,C1,V2,
4299,C1,V2,
4284,C1,V2,
4283,C1,V1,
4282,C2,V2,
4281,C1,V2,
4280,C1,V2,
4278,C0,V1,
4276,C0,V1,
4275,C0,V0,
4272,C0,V0,
4271,C0,V1,
4270,C1,V2,
6513,C1,V2,
3107,C1,V2,
3514,C1,V2,
3740,C1,V2,
4323,C1,V2,
4325,C1,V2,
6495,C1,V2,
3718,C1,V1,
9702,C1,V2,
8334,C1,V1,
9799,C0,V2,
4484,C1,V2,
7408,C1,V2,
3682,C1,V2,
4748,C1,V2,
2644,C1,V1,
7667,C0,V0,Epic
8762,C0,V0,Epic
6124,C1,V2,
976,C1,V2,
8244,C0,V1,
4092,C1,V2,
6526,C1,V2,
2535,C1,V2,
7837,C1,V2,
5926,C1,V2,
6352,C0,V2,
9952,C1,V2,
9953,C1,V1,
9954,C1,V2,
9956,C0,V2,
9958,C0,V1,
9959,C0,V2,
9960,C0,V2,
9962,C0,V1,
10013,C1,V2,
10011,C0,V2,
10008,C0,V1,
10003,C0,V2,
10001,C0,V2,
9998,C1,V2,
9995,C0,V2,
9994,C0,V2,
9993,C0,V1,
9992,C1,V2,
9991,C0,V2,
9989,C2,V2,
9988,C1,V1,
9987,C0,V0,
9986,C1,V1,
9985,C1,V2,
9984,C1,V1,
1583,C1,V1,
4644,C0,V2,
122,C0,V2,
1873,C1,V1,H1
1346,C0,V2,
10056,C1,V2,
4608,C1,V2,
1167,C1,V2,
4611,C0,V2,
1295,C1,V1,
4612,C0,V2,
1387,C0,V2,
1386,C2,V2,
4149,C0,V1,
4150,C0,V2,
4151,C1,V2,
4154,C1,V2,
4155,C1,V2,
4156,C1,V2,
4157,C1,V2,
4162,C0,V1,
4163,C0,V2,
4164,C0,V2,
4165,C0,V2,
4166,C1,V2,
4169,C1,V2,
4170,C0,V2,
4171,C0,V2,
8411,C1,V2,
4172,C0,V2,
4173,C0,V2,
4174,C0,V2,
4175,C1,V2,
4176,C1,V2,
4146,C1,V2,
7027,C1,V2,
5884,C1,V2,
5885,C1,V2,
5889,C1,V2,
7029,C0,V2,
10052,C0,V2,
7033,C1,V2,
10057,C1,V2,
9622,C1,V2,
10054,C1,V2,
6830,C0,V2,
10058,C1,V2,
10060,C0,V2,
10061,C1,V2,
7226,C1,V2,
5646,C1,V1,
5659,C1,V0,
5660,C2,V1,
5664,C2,V1,
5668,C2,V2,
5831,C1,V2,
6507,C0,V1,
6512,C1,V1,
6514,C1,V1,
6511,C1,V1,
6510,C1,V2,
4288,C1,V2,
6517,C2,V1,
6518,C1,V2,
6519,C1,V2,
6523,C1,V1,
6524,C1,V2,
6525,C2,V2,
6528,C2,V1,
6529,C2,V2,
4669,C1,V2,
9850,C1,V2,
6431,C0,V2,
9855,C1,V1,
2993,C2,V1,
10233,C0,V1,
10236,C0,V1,
10241,C0,V1,
10240,C1,V1,
10239,C1,V1,
10245,C1,V2,
10243,C2,V2,
10248,C1,V2,
10247,C1,V1,
10250,C1,V1,
10251,C0,V0,
10252,C1,V2,
2065,C1,V2,
2064,C1,V2,
7942,C1,V1,
2546,C0,V2,
4291,C1,V2,
4292,C1,V2,
4294,C1,V2,
4295,C1,V2,
4296,C1,V1,
4298,C1,V1,
9110,C1,V1,
9112,C1,V1,
5894,C0,V1,
10256,C2,V2,
10260,C1,V2,
10258,C1,V2,
10259,C1,V1,
10265,C0,V1,
10267,C0,V1,
10280,C1,V1,
10272,C1,V2,
10273,C1,V2,
10276,C0,V2,
10277,C1,V1,
10288,C0,V2,
10278,C0,V1,
10279,C1,V2,
4004,C1,V2,
4896,C0,V1,
234,C0,V1,
2059,C0,V2,Epic
968,C0,V2,
2267,C1,V2,
1527,C1,V2,
8842,C1,V1,
10155,C1,V2,
1078,C1,V1,
107,C0,V1,
10322,C1,V1,
7828,C1,V2,
7838,C0,V1,
8231,C1,V1,
8607,C1,V2,
9333,C1,V2,
10362,C1,V2,
10360,C0,V1,
10359,C1,V2,
10380,C1,V2,
10377,C0,V2,
10372,C1,V2,
10371,C1,V2,
10369,C1,V1,
10368,C0,V1,
5715,C1,V2,
5717,C1,V2,
5718,C1,V2,
5929,C1,V2,
7780,C1,V2,
7137,C1,V2,
10357,C0,V2,
9479,C0,V2,
7298,C2,V1,
10382,C2,V2,
4639,C2,V1,
10412,C2,V2,
10414,C0,V2,
10415,C2,V1,
10417,C0,V2,
10418,C2,V2,
7972,C0,V2,
8160,C1,V2,
10424,C2,V2,
5888,C2,V2,
1508,C1,V1,
9119,C1,V2,
2819,C1,V2,
5425,C1,V2,
3847,C1,V2,
7783,C1,V1,
252,C1,V2,
97,C0,V1,
390,C1,V2,
423,C1,V2,
596,C1,V2,
853,C1,V1,
3516,C0,V2,
10462,C0,V2,
972,C0,V1,
10797,C1,V2,
3744,C1,V2,
4772,C2,V1,
4770,C1,V1,
6067,C2,V2,
10556,C1,V1,
10594,C1,V2,
10668,C1,V2,
10671,C2,V2,
10566,C1,V2,
10717,C2,V1,
10723,C2,V2,H2
10725,C0,V2,
10727,C0,V2,
10729,C1,V2,
10730,C2,V2,
10732,C1,V2,
10733,C1,V2,
2925,C1,V1,
10191,C1,V2,
8121,C1,V2,
5777,C2,V2,
10707,C2,V2,
10804,C1,V2,
8854,C1,V2,
9048,C1,V2,
8176,C2,V0,
7534,C1,V2,
8002,C1,V2,
32,C2,V1,
229,C1,V1,
10972,C1,V1,
7008,C1,V2,
25,C1,V1,
11385,C2,V2,
4096,C1,V1,
10944,C0,V2,
10154,C1,V2,
9825,C0,V2,
4105,C1,V2,
6309,C0,V2,
6131,C1,V1,
10188,C1,V1,
10190,C1,V1,
10192,C1,V1,
10193,C1,V1,
10194,C0,C1,
10159,C2,V2,
10209,C1,V2,
11425,C2,V2,
7991,C1,V1,
8358,C0,V2,
11740,C2,V2,
8746,C1,V2,
11793,C1,V2,
11794,C1,V2,
11803,C2,V1,
11795,C0,V2,
11797,C1,V2,
11798,C1,V2,
11799,C1,V2,
7690,C1,V1,
11830,C2,V2,
11847,C2,V2,
11851,C1,V2,
11512,C2,V2,
11853,C0,V2,
144,C1,V2,
6987,C1,V2,
12050,C2,V2,
12049,C2,V2,
12047,C2,V2,
12046,C1,V1,
12074,C0,V2,
12090,C1,V2,
5952,C1,V2,
11074,C1,V1,
12143,C0,V2,
4019,C1,V2,
12247,C1,V2,
12291,C2,V2,
12345,C2,V2,
12346,C1,V2,
12365,C1,V2,
12377,C2,V2,
12379,C1,V0,
12380,C2,V2,
3981,C1,V2,
5039,C0,V1,
5043,C0,V2,
5040,C0,V2,
5041,C0,V2,
12465,C1,V2,
12413,C1,V2,
12418,C1,V2,
12419,C0,V2,
12420,C1,V2,
12421,C2,V2,
12447,C0,V2,
12512,C2,V2,
7431,C1,V2,
7075,C1,V2,
8374,C1,V2,
12580,C1,V2,
11663,C1,V2,
12550,C2,V2,
10748,C2,V2,
10745,C1,V2,
8442,C0,V2,
10747,C2,V2,
10,C1,V0,
11,C1,V0,
39,C1,V0,
40,C1,V0,
43,C1,V0,
63,C1,V0,
82,C1,V0,
131,C2,V0,
223,C1,V0,H1
375,C1,V0,
469,C0,V0,
564,C1,V0,
674,C1,V1,
793,C1,V0,
925,C0,V1,
1502,C2,V0,
2347,C2,V0,
2932,C2,V0,
3013,C1,V2,
3044,C0,V1,
3073,C0,V1,
3285,C2,V0,
5333,C1,V0,
6419,C2,V0,
6663,C1,V2,
7114,C1,V0,
7230,C2,V0,
8225,C2,V1,
8240,C0,V0,
8280,C0,V0,
878,C0,V0,
1964,C1,V0,
2971,C1,V0,
358,C1,V0,H1
274,C2,V0,
448,C2,V0,
3531,C2,V0,
3902,C0,V0,
275,C1,V0,
3283,C2,V0,
5023,C2,V0,
7523,C1,V0,
8372,C1,V0,
9076,C2,V0,
9312,C2,V0,
9345,C1,V0,
9349,C1,V0,
9348,C2,V0,
6988,C1,V1,
6991,C1,V1,
6992,C2,V1,
6996,C1,V1,
6997,C1,V1,
8547,C1,V1,
8553,C0,V2,
3619,C1,V1,
3632,C0,V1,
7466,C2,V1,
7569,C1,V0,
7698,C0,V1,
7718,C0,V1,
8003,C1,V1,
8004,C0,V1,
8005,C1,V1,
8050,C1,V2,
3517,C1,V0,
232,C1,V0,
1221,C1,V1,
37,C1,V0,
451,C0,V0,H1
94,C1,V0,
54,C1,V1,
357,C0,V1,
169,C1,V0,
588,C1,V0,
1262,C1,V0,
14,C1,V0,
256,C2,V0,
2976,C1,V0,
8,C1,V0,
5629,C1,V0,
7099,C1,V1,
6491,C1,V0,
6316,C0,V0,H1
257,C1,V0,
986,C0,V0,H1
1018,C0,V1,
134,C0,V1,
426,C2,V0,
467,C0,V0,H1
8974,C2,V0,
5969,C2,V0,
41,C1,V0,
194,C1,V0,
503,C1,V0,
2191,C1,V0,
8765,C2,V0,
235,C1,V0,
895,C0,V1,
6531,C1,V0,
2085,C1,V1,
2202,C1,V1,
7436,C1,V1,
1831,C1,V0,
1832,C1,V0,
1833,C1,V0,
1834,C1,V0,
1835,C1,V0,
1836,C1,V0,
1837,C1,V0,
6086,C0,V0,
6087,C1,V1,
6090,C1,V1,
6091,C1,V1,
2610,C1,V1,
2611,C0,V1,
2615,C0,V0,
2617,C1,V1,
2947,C0,V1,
2950,C1,V1,
2952,C1,V1,
2954,C1,V1,
3933,C1,V2,
3934,C1,V1,
3938,C1,V0,
3939,C1,V1,
3942,C1,V1,
3944,C1,V1,
8822,C1,V0,
7225,C1,V0,
3834,C1,V0,
784,C1,V0,
786,C2,V0,
1209,C2,V1,
1213,C2,V0,
1214,C1,V0,
9347,C1,V0,
9343,C1,V0,
7863,C1,V0,
6540,C1,V0,
8300,C2,V0,
7621,C2,V0,
5332,C2,V0,
2731,C1,V1,
91,C0,V0,
321,C1,V0,
3485,C1,V0,
2671,C1,V1,
1260,C1,V1,
940,C1,V0,
744,C1,V1,
374,C1,V0,
941,C1,V0,
208,C1,V1,
745,C1,V1,
211,C0,V0,
946,C0,V1,
947,C1,V1,
948,C1,V1,
583,C1,V1,
950,C1,V0,
952,C0,V1,
953,C0,V1,
954,C1,V1,
955,C1,V1,
379,C1,V1,
73,C0,V1,
964,C1,V1,
441,C0,V1,
440,C1,V1,
432,C1,V2,
783,C1,V0,
785,C1,V1,
788,C1,V0,
789,C1,V0,
790,C1,V0,
791,C1,V0,
1208,C1,V0,
1210,C1,V0,
1211,C1,V0,
1212,C1,V0,
1215,C1,V0,
1216,C1,V0,
1217,C1,V0,
1218,C1,V0,
1001,C1,V0,
881,C1,V0,
886,C0,V0,
560,C0,V0,
116,C1,V0,
120,C1,V0,
3389,C1,V0,
4274,C0,V0,
4273,C0,V0,
662,C0,V0,
5565,C2,V1,
9685,C1,V0,
458,C0,V0,
8389,C0,V0,
8684,C1,V2,
8697,C1,V0,
9053,C0,V0,
6366,C0,V1,
9717,C1,V0,
6070,C0,V1,
7261,C1,V2,
8576,C1,V0,
7811,C1,V0,
1537,C1,V0,
5880,C1,V0,
9893,C0,V1,
5354,C1,V1,
7160,C1,V0,
4700,C0,V1,
9537,C2,V1,
9948,C0,V1,
9949,C0,V1,
9950,C0,V1,
9955,C0,V1,
9957,C1,V0,
9961,C1,V1,
10014,C1,V1,
10012,C1,V0,
10015,C1,V1,
10010,C1,V0,
10009,C1,V1,
10006,C0,V1,
9997,C0,V1,
9990,C1,V1,
9983,C1,V0,
9982,C0,V0,
9981,C1,V2,
439,C0,V0,
2536,C1,V1,
1584,C1,V0,Epic
4642,C1,V1,
4643,C1,V1,
1184,C1,V0,
85,C1,V1,
4645,C0,V1,
977,C1,V1,
1562,C1,V0,
2086,C0,V1,
1339,C0,V1,
4605,C0,V1,
4606,C0,V1,
1043,C0,V1,
1296,C1,V2,
1291,C1,V1,
1297,C0,V2,
1298,C1,V1,
4609,C1,V1,
4610,C0,V1,
1294,C0,V1,
1389,C1,V2,
10047,C0,V0,
10048,C0,V0,
10049,C0,V0,
4158,C0,V1,
4159,C0,V1,
4160,C1,V1,
4161,C0,V1,
4167,C0,V1,
4168,C0,V0,
4153,C1,V2,
10050,C0,V0,
10051,C0,V0,
5881,C1,V0,
5358,C1,V1,
5644,C1,V1,
5650,C1,V1,
5652,C2,V1,
5832,C1,V1,
5655,C0,V0,
5662,C1,V0,
5663,C1,V2,
6493,C2,V1,
6501,C1,V1,
6503,C1,V0,
6502,C1,V0,
6506,C0,V1,
6509,C1,V0,
6521,C1,V0,
6522,C0,V0,
3037,C1,V0,
6229,C1,V0,
9851,C1,V0,
4944,C0,V1,
10228,C0,V0,
10229,C0,V0,
10230,C0,V0,
10231,C1,V1,
10237,C0,V1,
2515,C1,V2,
10234,C1,V1,
10244,C1,V2,
10242,C0,V2,
8488,C0,V1,
1536,C1,V0,
931,C0,V1,
4285,C0,V1,
4286,C0,V1,
4287,C1,V1,
4290,C0,V1,
4293,C1,V1,
9111,C1,V1,
9113,C1,V1,
9168,C1,V1,
5891,C0,V0,
5892,C0,V0,
5893,C1,V1,
5895,C1,V0,
5896,C1,V1,
10255,C1,V1,
10257,C1,V0,
10262,C1,V0,
10266,C0,V1,
10264,C1,V1,
10263,C1,V1,
10268,C0,V1,
10281,C1,V1,
10274,C1,V1,
10282,C1,V1,
10275,C1,V2,
10285,C1,V1,
10298,C1,V0,
10117,C0,V0,
9449,C1,V0,
9553,C0,V0,
1059,C2,V0,
60,C1,V0,
10169,C0,V0,
9209,C1,V0,
2979,C1,V0,
7860,C1,V0,
7827,C1,V0,
8242,C1,V1,
8239,C1,V0,
8241,C0,V0,
9032,C0,V0,
9331,C1,V0,
9880,C1,V1,
9881,C1,V0,
9882,C0,V0,
10109,C1,V0,
10110,C1,V1,
10361,C0,V1,
10358,C0,V0,
10164,C2,V0,
3927,C0,V1,
10381,C1,V1,
10379,C1,V0,
10378,C1,V0,
10376,C1,V0,
10374,C0,V0,
10373,C1,V0,
10370,C1,V0,
10367,C1,V1,
10366,C1,V0,
10365,C0,V0,
10364,C1,V0,
10363,C1,V0,
9283,C1,V0,
8321,C0,V0,
8353,C1,V0,
8801,C1,V1,
2132,C0,V1,
2161,C0,V1,
5716,C1,V1,
5719,C1,V1,
5720,C1,V0,
5722,C1,V1,
5928,C0,V1,
7296,C1,V0,
7476,C1,V0,
7524,C1,V0,
7579,C1,V0,
7580,C1,V0,
7861,C0,V0,
7862,C0,V0,
9339,C0,V0,
9340,C1,V0,
9341,C1,V0,
9342,C1,V0,
422,C1,V1,
384,C1,V0,
330,C1,V0,
7916,C2,V0,
10413,C0,V0,
10416,C1,V1,
502,C1,V1,
10423,C0,V1,
64,C1,V0,
110,C1,V0,
1069,C1,V0,
153,C2,V0,
161,C0,V0,
236,C0,V1,
6459,C0,V0,
897,C1,V0,
8282,C0,V0,
4209,C0,V0,
344,C1,V1,
1244,C1,V0,
2848,C1,V1,
254,C1,V1,
316,C1,V0,
2771,C2,V0,
365,C1,V1,
738,C0,V0,
513,C1,V0,
734,C1,V0,
782,C0,V1,
854,C1,V0,
855,C1,V1,
858,C0,V0,
852,C2,V1,
2945,C1,V0,
3652,C1,V1,
3716,C1,V0,
3717,C0,V1,
3724,C1,V2,
3773,C1,V1,
7567,C0,V1,
7568,C0,V0,
10308,C1,V0,
2163,C0,V1,
5927,C0,V1,
77,C0,V1,
842,C0,V1,
841,C1,V1,
10492,C1,V1,
990,C0,V0,
1424,C0,V1,
1425,C0,V0,
10494,C1,V0,
10496,C1,V0,
10499,C1,V0,
10526,C1,V1,
10524,C1,V0,
6410,C1,V0,
1603,C1,V0,
293,C0,V0,
7341,C1,V0,
10576,C2,V0,
8414,C2,V0,
3989,C2,V0,
10666,C1,V1,
10667,C1,V0,
10669,C1,V1,
10670,C1,V0,
10718,C0,V1,
10719,C1,V1,
10721,C1,V1,
10726,C1,V0,
10728,C2,V1,
8394,C1,V0,
3216,C1,V0,
8079,C0,V1,
2924,C1,V0,
10684,C2,V0,
6736,C1,V1,
2686,C1,V1,
4071,C1,V0,
1153,C1,V0,
11090,C1,V0,
3764,C2,V1,
10715,C1,V0,
6337,C1,V0,
3095,C1,V1,
7815,C1,V0,
6648,C0,V0,
8966,O1,V0,
10025,C1,V0,
10970,C2,V0,
4797,C2,V0,
756,C1,V0,
9805,C1,V1,
3571,C2,V0,
8543,C0,V0,
8586,C1,V1,
9877,C1,V0,
410,C0,V0,
10947,C1,V1,
10153,C1,V1,
3640,C1,V2,
3643,C1,V1,
3980,C1,V0,
4828,C1,V0,
6306,C1,V0,
6312,C1,V0,
10186,C0,V0,
10189,C1,V0,
10211,C1,V1,
10213,C0,V1,
10216,C1,V1,
10218,C0,V0,
10197,C0,V0,
7069,C0,V0,
5868,C1,V0,
11531,C2,V0,
7989,C1,V1,
7990,C1,V1,
10627,O1,V0,
5024,C0,V0,
6187,C1,V0,
9694,C1,V1,
11801,C1,V0,
11796,C1,V1,
11800,C0,V1,
11755,C1,V0,
11756,C1,V0,
11757,C2,V0,
11758,C2,V0,
11759,C1,V0,
11745,C2,V0,
11836,C1,V2,
11876,C1,V1,
11778,C1,V0,
8803,C1,V0,
11212,C1,V0,
8687,C1,V0,
11832,C1,V1,
11343,C1,V0,
2653,C1,V0,
11917,C1,V1,
11918,C1,V1,
11919,C2,V1,
10957,C1,V0,
11653,C1,V0,
100,C1,V0,
162,C0,V0,
184,C1,V0,
199,C1,V0,
12048,C1,V1,
12045,C2,V1,
11930,C1,V0,
1258,C1,V0,
1293,C0,V0,
1711,C1,V0,
3841,C1,V0,
5056,C2,V0,
4208,C1,V0,
8384,C0,V0,
12168,C1,V0,
7869,C1,V1,
11597,C1,V0,
7508,C1,V0,
7169,C2,V0,
12246,C0,V2,
12245,C0,V0,
12244,C1,V1,
12288,C1,V1,
12289,C2,V2,
12290,C2,V1,
8135,C1,V0,
3810,C1,V0,
3930,C1,V0,
12260,C1,V2,
3734,C1,V1,
12366,C0,V0,
12324,C1,V0,
11856,C2,V0,
12376,C1,V2,
5011,C1,V1,
5010,C0,V1,
12162,C1,V1,
12213,C1,V0,
11235,C1,V0,
2499,C1,V0,
11063,C1,V1,
7358,C1,V0,
11858,C1,V0,
12273,C1,V0,
8039,C2,V0,
5754,C1,V0,
12459,C1,V1,
9080,C1,V0,
2137,C1,V0,
8834,C1,V1,
12582,C1,V1,
12424,C0,V0,
12702,C1,V0,
12371,C1,V0,
11143,C2,V0,
9642,C2,V0,
9558,C2,V0,
8998,C1,V0,
8578,C1,V0,
11003,C2,V0,
12746,C2,V0,
993,C1,V0,
1704,C1,V0,
12733,C2,V0,
12397,C1,V0,
48,C0,V0,H1
400,C2,V0,
1605,C1,V0,
286,C1,V0,
779,C1,V0,
2073,C0,V0,
7560,C0,V2,
988,C0,V0,H1
2388,C0,V0,
6088,C1,V0,
6089,C0,V0,
3935,C1,V2,
209,C1,V0,
119,C0,V0,
216,C0,V1,
6508,C0,V1,
9750,C0,V1,
45,C0,V0,
6384,C1,V0,
6756,C0,V0,
9945,C1,V0,
9946,C0,V0,
9947,C0,V0,
9951,C0,V0,
121,C0,V1,
4604,C0,V2,
4607,C0,V1,
4152,C0,V2,
6492,C0,V0,
6490,C1,V0,
6494,C1,V0,
6497,C0,V0,
6498,C0,V0,
6499,C0,V0,
6500,C0,V0,
10232,C0,V1,
10238,C1,V2,
4289,C0,V0,
10261,C0,V0,
10284,C0,V0,
10269,C0,V1,
10286,C0,V1,
1279,C0,V0,
1280,C0,V0,
727,C0,V0,
747,C0,V0,
8984,C0,V0,
9534,C0,V0,
6284,C0,V0,
7309,C0,V0,
8243,C0,V0,
10375,C0,V0,
2160,C0,V1,
2554,C0,V1,
7581,C0,V0,
7706,C1,V0,
9344,C1,V0,
9346,C1,V0,
5702,C0,V0,
8810,C0,V0,
241,C0,V1,
10421,C0,V0,
10422,C0,V0,
7063,C0,V0,
141,C1,V0,
146,C0,V0,H1
859,C0,V0,
1182,C0,V0,
500,C0,V0,
10501,C1,V0,
839,C0,V1,
991,C0,V0,
10493,C0,V0,
10495,C0,V0,
2335,C0,V0,
10497,C0,V1,
10498,C0,V1,
3675,C0,V0,
10392,C0,V0,
2834,C0,V0,
6587,C0,V0,
7112,C1,V0,
8430,C1,V1,
5685,C0,V0,
1469,C0,V0,
9480,C0,V0,
10187, C1,V0,
7883,C0,V0,
7884,C0,V0,
7654,C0,V1,
7479,C0,V0,
5805,C0,V0,
10410,O1,V0,
9752,C1,V1,
5416,C0,V0,
8195,C1,V0,
3515,C0,V0,
3155,C0,V0,
6280,C1,V0,
8975,C1,V1,
3083,C0,V0,
3120,C0,V0,H1
4939,C0,V0,
5176,C0,V0,
8972,C0,V0,
8413,C0,V0,
3999,C0,V0,H2
9411,C0,V0,
10214,C0,V0,
21,C1,V0,
11132,C0,V0,
5262,C1,V0,
5457,C1,V0,
11004,C1,V0,
3193,C0,V0,
10946,C0,V0,
3639,C0,V1,
3641,C0,V0,
3642,C1,V1,
3644,C1,V1,
3645,C1,V1,
3668,C0,V0,
3669,C1,V1,
3670,C1,V1,
3685,C1,V1,
4218,C1,V1,
6305,C0,V1,
6307,C0,V1,
6308,C0,V0,
6310,C0,V0,
6311,C0,V0,
6313,C0,V0,
6647,C0,V1,
10185,C0,V0,
10184,C1,V0,
10210,C0,V0,
10199,C0,V0,
10200,C0,V1,
10212,C0,V0,
10217,C0,V0,
10198,C0,V1,
10073,C0,V0,
10147,C0,V0,
11210,C0,V0,
9392,C0,V0,
9164,C0,V0,
90,C0,V0,
1861,C0,V1,
7308,C0,V0,
2789,C0,V0,
89,C0,V0,
8873,C0,V0,
10580,C1,V0,
1708,C0,V0,
11623,C1,V0,
4476,C0,V0,
1687,C0,V0,
6274,C0,V0,
11760,C0,V0,
9250,C0,V0,
323,C0,V0,
11424,C0,V0,
11808,C1,V0,
10444,C0,V0,
8577,C1,V0,
7196,C1,V0,
11925,C0,V0,
112,C0,V0,
163,C1,V0,
198,C0,V0,
200,C1,V0,
30,C0,V0,
12122,C0,V0,Epic
12153,C0,V0,
8435,C0,V0,
406,C0,V0,
437,C0,V0,
1204,C0,V0,
1429,C0,V0,
1464,C1,V0,
2184,C0,V0,
4136,C0,V0,
12151,C0,V0,
2850,C0,V0,
11456,C0,V0,
12262,C0,V0,
12249,C0,V0,
8197,C0,V0,
8132,C0,V0,
8130,C0,V0,
8128,C0,V0,
8950,C1,V0,
8952,C0,V0,
8954,C1,V0,
8956,C0,V0,
8957,C0,V0,
8962,C0,V0,
7458,C0,V0,
3803,C0,V1,
12367,C0,V0,
12364,C1,V1,
12313,C0,V0,
12321,C0,V0,
12331,C0,V0,
12338,O1,V0,
12339,O1,V0,Epic
12341,O1,V0,
12344,C0,V0,Epic
12350,C0,V0,
5042,C1,V1,
5044,C0,V2,
12125,C0,V0,
9511,C0,V0,
2987,C0,V0,
6610,C0,V0,
3365,C0,V0,
11070,C0,V0,
9543,C0,V0,
9233,C0,V0,
8892,C1,V0,
12641,C0,V0,
1897,C0,V0,
8602,C0,V0,
11244,C0,V0,
883,,,
1660,,,
1673,,,
1812,,,
2264,,,
2379,,,
3099,,,
3141,,,
3154,,,
4099,,,
4101,,,
4102,,,
4103,,,
4104,,,
4111,,,
4112,,,
4114,,,
4115,,,
4117,,,
4118,,,
5125,,,
5187,,,
5219,,,
5270,,,
5361,,,
5369,,,
5417,,,
5516,,,
5634,,,
7004,,,
7120,,,
7124,,,
7426,,,
7434,,,
7461,,,
7561,,,
8166,,,
8431,,,
9178,,,
9257,,,
9269,,,
9297,,,
9741,,,
9926,,,
10020,,,
10119,,,
11239,,,
11464,,,
11809,,,
12026,,,
12027,,,
12031,,,
12033,,,
12399,,,
12476,,,
12689,,,
12727,,,
12779,,,
12802,,,
12803,,,
12839,,,
12850,,,
12851,,,
12852,,,
12853,,,
12854,,,
12855,,,
12856,,,
12857,,,
12858,,,
12859,,,
12860,,,
12861,,,
12862,,,
12863,,,
12864,,,
12865,,,
12866,,,
12867,,,
12875,,,
12999,,,
13032,,,
13034,,,
13038,,,
13041,,,
8337,,,
9788,,,
7984,,,
13066,,,
13067,,,
13068,,,
13069,,,
13070,,,
13071,,,
12171,,,
12172,,,
12982,,,
12984,,,
12985,,,
12986,,,
12987,,,
12992,,,
13061,,,
